{
    "best_valid": 0.6959134615384616,
    "selected_epoch": 20,
    "test": 0.6975,
    "time": 88.34415888786316
}