{
    "best_valid": 0.3925,
    "selected_epoch": 19,
    "test": 0.3904326923076923,
    "time": 11.156954050064087
}