{
    "config": {
        "config_name": "h256_lr0.1_l20.0001_drop0.0",
        "hidden_size": 256,
        "learning_rate": 0.1,
        "l2_penalty": 0.0001,
        "dropout": 0.0,
        "activation": "relu",
        "optimizer": "sgd",
        "best_valid_acc": 0.9070672988891602,
        "test_acc": 0.9029807448387146,
        "final_train_acc": 0.9540865421295166,
        "best_epoch": 30,
        "training_time": 63.38221335411072
    },
    "train_loss_history": [
        3.2606875896453857,
        1.0993754863739014,
        0.5793983936309814,
        0.45517855882644653,
        0.3923831880092621,
        0.35448378324508667,
        0.32610389590263367,
        0.3059350848197937,
        0.2880149781703949,
        0.2740916609764099,
        0.26159605383872986,
        0.251171350479126,
        0.24246497452259064,
        0.23265936970710754,
        0.2250545769929886,
        0.2178141176700592,
        0.2115381807088852,
        0.20527726411819458,
        0.20024719834327698,
        0.19501148164272308,
        0.19005811214447021,
        0.1854918748140335,
        0.18139302730560303,
        0.17760604619979858,
        0.17320126295089722,
        0.1700548380613327,
        0.165724515914917,
        0.16323475539684296,
        0.160334974527359,
        0.15653271973133087,
        0.15462790429592133
    ],
    "valid_acc_history": [
        0.03745192289352417,
        0.7989903688430786,
        0.8518750071525574,
        0.8671634793281555,
        0.8727403879165649,
        0.8848557472229004,
        0.8872115612030029,
        0.8913461565971375,
        0.8904327154159546,
        0.893173098564148,
        0.895480751991272,
        0.9014903903007507,
        0.9022595882415771,
        0.9005288481712341,
        0.9021634459495544,
        0.8980769515037537,
        0.9009615182876587,
        0.9024038314819336,
        0.9010577201843262,
        0.9012981057167053,
        0.9041826725006104,
        0.9050480723381042,
        0.8999999761581421,
        0.9065865278244019,
        0.9011538624763489,
        0.9027403593063354,
        0.9053846001625061,
        0.9069711565971375,
        0.9068750143051147,
        0.9035577178001404,
        0.9075480699539185
    ],
    "final_valid_acc": 0.9075480699539185
}