{
    "best_valid": 0.7024038461538461,
    "selected_epoch": 20,
    "test": 0.7040384615384615,
    "time": 270.32591795921326
}