{
    "best_valid": 0.8715384615384615,
    "selected_epoch": 20,
    "test": 0.8702403846153847,
    "time": 155.7699191570282
}